Premiere - Theed Palace	pages/Premiere_-_Theed_Palace.wiki
Decipher Cards Only	pages/Decipher_Cards_Only.wiki
Formats	pages/Formats.wiki
2022 Retro DCO Casey Anis DS Senate	pages/2022_Retro_DCO_Casey_Anis_DS_Senate.wiki
2022 Retro DCO Casey Anis LS Combat	pages/2022_Retro_DCO_Casey_Anis_LS_Combat.wiki
2022 Retro DCO Jonny Chu DS Senate	pages/2022_Retro_DCO_Jonny_Chu_DS_Senate.wiki
2022 Retro DCO Jonny Chu LS WYS	pages/2022_Retro_DCO_Jonny_Chu_LS_WYS.wiki
2022 Retro DCO Justin Desai DS Senate	pages/2022_Retro_DCO_Justin_Desai_DS_Senate.wiki
2022 Retro DCO Justin Desai LS Senate	pages/2022_Retro_DCO_Justin_Desai_LS_Senate.wiki
2022 Retro DCO Steve Baroni DS HD	pages/2022_Retro_DCO_Steve_Baroni_DS_HD.wiki
2022 Retro DCO Steve Baroni LS Senate	pages/2022_Retro_DCO_Steve_Baroni_LS_Senate.wiki
List of SWCCG tournaments	pages/List_of_SWCCG_tournaments.wiki
2026 Regional Championships	pages/2026_Regional_Championships.wiki
2025 Regional Championships	pages/2025_Regional_Championships.wiki
2024 Online Retro Event for Charity	pages/2024_Online_Retro_Event_for_Charity.wiki
2024 Regional Championships	pages/2024_Regional_Championships.wiki
2023 Outrider Cup III	pages/2023_Outrider_Cup_III.wiki
2023 Online Championship Series Playoffs	pages/2023_Online_Championship_Series_Playoffs.wiki
2023 Regional Championships	pages/2023_Regional_Championships.wiki
2023 San Diego Super Open	pages/2023_San_Diego_Super_Open.wiki
2023 Champions League	pages/2023_Champions_League.wiki
2022 Online Championship Series Playoffs	pages/2022_Online_Championship_Series_Playoffs.wiki
2022 U.S. National Championship	pages/2022_U.S._National_Championship.wiki
2022 Regional Championships	pages/2022_Regional_Championships.wiki
2022 Decipher Cards Only Retro Event	pages/2022_Decipher_Cards_Only_Retro_Event.wiki
2022 PC20 Tournament	pages/2022_PC20_Tournament.wiki
2022 Endor Grand Prix	pages/2022_Endor_Grand_Prix.wiki
2022 Sixth Annual GEMPC	pages/2022_Sixth_Annual_GEMPC.wiki
2022 Jawa Cup	pages/2022_Jawa_Cup.wiki
2022 Match Play Championship	pages/2022_Match_Play_Championship.wiki
Aaron Frede	pages/player-stubs/Aaron_Frede.wiki
Aaron Kingery	pages/player-stubs/Aaron_Kingery.wiki
Adam Fletcher	pages/player-stubs/Adam_Fletcher.wiki
Adam Radic	pages/player-stubs/Adam_Radic.wiki
Adam Schellberg	pages/player-stubs/Adam_Schellberg.wiki
AJ Hatoum	pages/player-stubs/AJ_Hatoum.wiki
Al Fuentes	pages/player-stubs/Al_Fuentes.wiki
Andy Wexstten	pages/player-stubs/Andy_Wexstten.wiki
Anthony Howard	pages/player-stubs/Anthony_Howard.wiki
Barry Alperstein	pages/player-stubs/Barry_Alperstein.wiki
Bastian Winkelhaus	pages/Bastian_Winkelhaus.wiki
Ben Hedlund	pages/player-stubs/Ben_Hedlund.wiki
Ben Herold	pages/player-stubs/Ben_Herold.wiki
Bentley Boyd	pages/player-stubs/Bentley_Boyd.wiki
Bill Kafer	pages/player-stubs/Bill_Kafer.wiki
Blake Silkwood	pages/player-stubs/Blake_Silkwood.wiki
Brad Kippel	pages/player-stubs/Brad_Kippel.wiki
Brad Reinhold	pages/player-stubs/Brad_Reinhold.wiki
Branch 23OCS T16	pages/player-stubs/Branch_23OCS_T16.wiki
Brandon Baity	pages/player-stubs/Brandon_Baity.wiki
Brandon Nguyen	pages/player-stubs/Brandon_Nguyen.wiki
Brett Bailey	pages/player-stubs/Brett_Bailey.wiki
Brian Fred	pages/player-stubs/Brian_Fred.wiki
Brody-Boyd	pages/player-stubs/Brody-Boyd.wiki
Cal Aldred	pages/player-stubs/Cal_Aldred.wiki
Casey Anis	pages/player-stubs/Casey_Anis.wiki
Cedrik Vanderhaegen	pages/player-stubs/Cedrik_Vanderhaegen.wiki
Chad Dixon	pages/player-stubs/Chad_Dixon.wiki
Charlie Arlandson	pages/player-stubs/Charlie_Arlandson.wiki
Chris Hull	pages/player-stubs/Chris_Hull.wiki
Chris Kelly	pages/Chris_Kelly.wiki
Chris Wirfs	pages/player-stubs/Chris_Wirfs.wiki
CJ Christiana	pages/player-stubs/CJ_Christiana.wiki
Clayton Atkin	pages/player-stubs/Clayton_Atkin.wiki
Conor Britain	pages/player-stubs/Conor_Britain.wiki
Dan Drentlaw	pages/player-stubs/Dan_Drentlaw.wiki
Dan Tartaglione	pages/player-stubs/Dan_Tartaglione.wiki
Daniel Amor	pages/player-stubs/Daniel_Amor.wiki
David Garcia	pages/player-stubs/David_Garcia.wiki
David Woods	pages/player-stubs/David_Woods.wiki
Dennis Reinhardt	pages/player-stubs/Dennis_Reinhardt.wiki
Derek Jackson	pages/player-stubs/Derek_Jackson.wiki
Desai 23OCS Finals	pages/player-stubs/Desai_23OCS_Finals.wiki
Desai 23OCS T16	pages/player-stubs/Desai_23OCS_T16.wiki
Desai 23OCS T4	pages/player-stubs/Desai_23OCS_T4.wiki
Desai 23OCS T8	pages/player-stubs/Desai_23OCS_T8.wiki
DiPaolo 2022	pages/player-stubs/DiPaolo_2022.wiki
Drew L - day 1 (I think)	pages/player-stubs/Drew_L_-_day_1_(I_think).wiki
Drew Lichtenstein	pages/player-stubs/Drew_Lichtenstein.wiki
Dusel 23OCS Finals	pages/player-stubs/Dusel_23OCS_Finals.wiki
Dusel 23OCS T16	pages/player-stubs/Dusel_23OCS_T16.wiki
Dusel 23OCS T4	pages/player-stubs/Dusel_23OCS_T4.wiki
Dusel 23OCS T8	pages/player-stubs/Dusel_23OCS_T8.wiki
Emil Wallin	pages/player-stubs/Emil_Wallin.wiki
Eric Hunter	pages/player-stubs/Eric_Hunter.wiki
Eric Hunter day 1	pages/player-stubs/Eric_Hunter_day_1.wiki
Eric Hunter Top 8	pages/player-stubs/Eric_Hunter_Top_8.wiki
Eric Nelson	pages/player-stubs/Eric_Nelson.wiki
Eric Spijksma	pages/player-stubs/Eric_Spijksma.wiki
Erik Spijksma	pages/player-stubs/Erik_Spijksma.wiki
Eriksen-Schultz	pages/player-stubs/Eriksen-Schultz.wiki
Fred 2022	pages/player-stubs/Fred_2022.wiki
Garrett Larson	pages/player-stubs/Garrett_Larson.wiki
Gavin Ortlund	pages/player-stubs/Gavin_Ortlund.wiki
Gosse Zeilstra	pages/player-stubs/Gosse_Zeilstra.wiki
Greg Shaw	pages/player-stubs/Greg_Shaw.wiki
Harrison-Trainor 23OCS T16	pages/player-stubs/Harrison-Trainor_23OCS_T16.wiki
Hayes Hunter	pages/player-stubs/Hayes_Hunter.wiki
Jacy Smith	pages/player-stubs/Jacy_Smith.wiki
Jason Riendeau	pages/player-stubs/Jason_Riendeau.wiki
Jeff Lavigne	pages/player-stubs/Jeff_Lavigne.wiki
Jeremy DiPaolo	pages/player-stubs/Jeremy_DiPaolo.wiki
Jeremy Gardner	pages/player-stubs/Jeremy_Gardner.wiki
Jeroen Wauters	pages/player-stubs/Jeroen_Wauters.wiki
Joe Horbey	pages/player-stubs/Joe_Horbey.wiki
Joe Olson	pages/player-stubs/Joe_Olson.wiki
Joe Phillips	pages/player-stubs/Joe_Phillips.wiki
John Veasey	pages/player-stubs/John_Veasey.wiki
Jon McFarland	pages/player-stubs/Jon_McFarland.wiki
Jonny Chu	pages/player-stubs/Jonny_Chu.wiki
Justin Branch	pages/player-stubs/Justin_Branch.wiki
Justin Carulli	pages/player-stubs/Justin_Carulli.wiki
Justin Desai	pages/player-stubs/Justin_Desai.wiki
Justin Miyashiro	pages/player-stubs/Justin_Miyashiro.wiki
Kallin 2022	pages/player-stubs/Kallin_2022.wiki
Karl Koenig	pages/player-stubs/Karl_Koenig.wiki
Keith Brown	pages/Keith_Brown.wiki
Kendall Halman	pages/player-stubs/Kendall_Halman.wiki
Kessling + Arlandson	pages/player-stubs/Kessling_+_Arlandson.wiki
Kessling 23OCS	pages/player-stubs/Kessling_23OCS.wiki
Kessling 23OCS T8	pages/player-stubs/Kessling_23OCS_T8.wiki
Kevin Jaap	pages/player-stubs/Kevin_Jaap.wiki
Kippel 23OCS T16	pages/player-stubs/Kippel_23OCS_T16.wiki
Koen Meijssen	pages/player-stubs/Koen_Meijssen.wiki
Kyle Kallin	pages/player-stubs/Kyle_Kallin.wiki
Kyle Kreuger	pages/player-stubs/Kyle_Kreuger.wiki
Kyle Krueger	pages/player-stubs/Kyle_Krueger.wiki
Lavigne 2022	pages/player-stubs/Lavigne_2022.wiki
Lavigne 23OCS T16	pages/player-stubs/Lavigne_23OCS_T16.wiki
Lavinge 23OCS T16	pages/player-stubs/Lavinge_23OCS_T16.wiki
Lavinge 23OCS T8	pages/player-stubs/Lavinge_23OCS_T8.wiki
Lichtenstein 23OCS T16	pages/player-stubs/Lichtenstein_23OCS_T16.wiki
Lichtenstein 23OCS T4	pages/player-stubs/Lichtenstein_23OCS_T4.wiki
Lichtenstein 23OCS T8	pages/player-stubs/Lichtenstein_23OCS_T8.wiki
Logan Pietig	pages/player-stubs/Logan_Pietig.wiki
Magnus Kristiansen	pages/player-stubs/Magnus_Kristiansen.wiki
Mark Walseth	pages/player-stubs/Mark_Walseth.wiki
Martin den Boef	pages/player-stubs/Martin_den_Boef.wiki
Matt Carulli	pages/player-stubs/Matt_Carulli.wiki
Matt Lutz	pages/player-stubs/Matt_Lutz.wiki
Matt Scott	pages/player-stubs/Matt_Scott.wiki
Matt Thornton	pages/player-stubs/Matt_Thornton.wiki
Matt Wadden	pages/player-stubs/Matt_Wadden.wiki
Matthew Harrison-Trainor	pages/player-stubs/Matthew_Harrison-Trainor.wiki
Max Freeman	pages/player-stubs/Max_Freeman.wiki
Michael Morrison	pages/player-stubs/Michael_Morrison.wiki
Michael Turner	pages/player-stubs/Michael_Turner.wiki
Miguel Tarin Vegas	pages/player-stubs/Miguel_Tarin_Vegas.wiki
Mike Kessling	pages/player-stubs/Mike_Kessling.wiki
Mike Thomas	pages/player-stubs/Mike_Thomas.wiki
Mike Turner	pages/player-stubs/Mike_Turner.wiki
Ming Huo	pages/player-stubs/Ming_Huo.wiki
Napolitano 23OCS T16	pages/player-stubs/Napolitano_23OCS_T16.wiki
Nate Davis	pages/player-stubs/Nate_Davis.wiki
Nate Louderback	pages/player-stubs/Nate_Louderback.wiki
Olson 2022	pages/player-stubs/Olson_2022.wiki
Olson 23OCS T16	pages/player-stubs/Olson_23OCS_T16.wiki
Ortlund 23OCS T16	pages/player-stubs/Ortlund_23OCS_T16.wiki
Ortlund 23OCS T8	pages/player-stubs/Ortlund_23OCS_T8.wiki
Patrick Johnson	pages/player-stubs/Patrick_Johnson.wiki
Patrick Lima	pages/player-stubs/Patrick_Lima.wiki
Paul Myers	pages/player-stubs/Paul_Myers.wiki
Paul Todd Feldman	pages/Paul_Todd_Feldman.wiki
Phil Aasen	pages/player-stubs/Phil_Aasen.wiki
Pistone 23OCS T16	pages/player-stubs/Pistone_23OCS_T16.wiki
Pittman 23OCS T16	pages/player-stubs/Pittman_23OCS_T16.wiki
Quirin Fürgut	pages/player-stubs/Quirin_Fürgut.wiki
Ryan Jellison	pages/player-stubs/Ryan_Jellison.wiki
Ryan Sersen	pages/player-stubs/Ryan_Sersen.wiki
Sam Tashima	pages/player-stubs/Sam_Tashima.wiki
Shaw 2022  MPC	pages/player-stubs/Shaw_2022__MPC.wiki
Stephen Fulner	pages/player-stubs/Stephen_Fulner.wiki
Stephen Squirlock	pages/player-stubs/Stephen_Squirlock.wiki
Steve Baroni	pages/player-stubs/Steve_Baroni.wiki
Steve Brentson	pages/player-stubs/Steve_Brentson.wiki
Steve Harpster	pages/player-stubs/Steve_Harpster.wiki
Stewart Yoo	pages/player-stubs/Stewart_Yoo.wiki
Strother 23OCS T16	pages/player-stubs/Strother_23OCS_T16.wiki
Tashima 23OCS T16	pages/player-stubs/Tashima_23OCS_T16.wiki
Tashima 23OCS T4	pages/player-stubs/Tashima_23OCS_T4.wiki
Tashima 23OCS T8	pages/player-stubs/Tashima_23OCS_T8.wiki
Thang Le	pages/player-stubs/Thang_Le.wiki
Thomas Santosuosso	pages/player-stubs/Thomas_Santosuosso.wiki
Timo Dusel	pages/player-stubs/Timo_Dusel.wiki
Tom Haid	pages/player-stubs/Tom_Haid.wiki
Tom Strother	pages/player-stubs/Tom_Strother.wiki
Wayne Cullen	pages/player-stubs/Wayne_Cullen.wiki
Winston Plunkett	pages/player-stubs/Winston_Plunkett.wiki
Wirfs 23 OCS T16	pages/player-stubs/Wirfs_23_OCS_T16.wiki
Wirfs 23OCS T16	pages/player-stubs/Wirfs_23OCS_T16.wiki
Wirfs 23OCS T8	pages/player-stubs/Wirfs_23OCS_T8.wiki
Ziemowit Skwara	pages/player-stubs/Ziemowit_Skwara.wiki
Matt Sokol	pages/Matt_Sokol.wiki
