2022 PC20 Tournament	pages/2022_PC20_Tournament.wiki
2022 Sixth Annual GEMPC	pages/2022_Sixth_Annual_GEMPC.wiki
2023 Endor Grand Prix	pages/2023_Endor_Grand_Prix.wiki
2023 Online Retro Event	pages/2023_Online_Retro_Event.wiki
2023 Outrider Cup III	pages/2023_Outrider_Cup_III.wiki
2023 Regional Championships	pages/2023_Regional_Championships.wiki
2023 U.S. National Championship	pages/2023_U.S._National_Championship.wiki
2023 World Championship	pages/2023_World_Championship.wiki
2024 Eclipse Major	pages/2024_Eclipse_Major.wiki
2024 North American Continental Championship	pages/2024_North_American_Continental_Championship.wiki
2024 Supreme Southern Showdown	pages/2024_Supreme_Southern_Showdown.wiki
2023 Seventh Annual GEMPC	pages/2023_Seventh_Annual_GEMPC.wiki
Pär Birgander	pages/player-stubs/Pär_Birgander.wiki
Gabor Szegedi	pages/player-stubs/Gabor_Szegedi.wiki
Eric George	pages/player-stubs/Eric_George.wiki
Tony Petersson	pages/player-stubs/Tony_Petersson.wiki
György Póra	pages/player-stubs/György_Póra.wiki
Marvin Tegeler	pages/player-stubs/Marvin_Tegeler.wiki
Jeroen Wauters	pages/player-stubs/Jeroen_Wauters.wiki
Bastian Winkelhaus	pages/player-stubs/Bastian_Winkelhaus.wiki
Joe Olson	pages/player-stubs/Joe_Olson.wiki
Sam Olson	pages/player-stubs/Sam_Olson.wiki
Andrew Bollentino	pages/player-stubs/Andrew_Bollentino.wiki
Benji Chu	pages/player-stubs/Benji_Chu.wiki
Jonny Chu	pages/player-stubs/Jonny_Chu.wiki
Mike d'Amboise	pages/player-stubs/Mike_d'Amboise.wiki
Eric Hunter	pages/player-stubs/Eric_Hunter.wiki
Hayes Hunter	pages/player-stubs/Hayes_Hunter.wiki
Chris Kelly	pages/player-stubs/Chris_Kelly.wiki
Cory Lauer	pages/player-stubs/Cory_Lauer.wiki
Jared Napolitano	pages/player-stubs/Jared_Napolitano.wiki
Isaak Sammartano	pages/player-stubs/Isaak_Sammartano.wiki
Tom Sarachan	pages/player-stubs/Tom_Sarachan.wiki
Matt Scott	pages/player-stubs/Matt_Scott.wiki
Randy Scott	pages/player-stubs/Randy_Scott.wiki
Chris Westergard	pages/player-stubs/Chris_Westergard.wiki
Ben Butterworth	pages/player-stubs/Ben_Butterworth.wiki
Aaron Groth	pages/player-stubs/Aaron_Groth.wiki
Travis Morris	pages/player-stubs/Travis_Morris.wiki
Trevor Partridge	pages/player-stubs/Trevor_Partridge.wiki
Ben Herold	pages/player-stubs/Ben_Herold.wiki
Drew Lichtenstein	pages/player-stubs/Drew_Lichtenstein.wiki
Joe Laporta	pages/player-stubs/Joe_Laporta.wiki
Leif Lutz	pages/player-stubs/Leif_Lutz.wiki
Matt Lutz	pages/player-stubs/Matt_Lutz.wiki
Jonathan Murray	pages/player-stubs/Jonathan_Murray.wiki
Bill Pittman	pages/player-stubs/Bill_Pittman.wiki
Joel Pittman	pages/player-stubs/Joel_Pittman.wiki
Steve Sesnick	pages/player-stubs/Steve_Sesnick.wiki
Nate Davis	pages/player-stubs/Nate_Davis.wiki
Aaron Frede	pages/player-stubs/Aaron_Frede.wiki
Derek Jackson	pages/player-stubs/Derek_Jackson.wiki
Jordan Gosiaco	pages/player-stubs/Jordan_Gosiaco.wiki
Spencer Gosiaco	pages/player-stubs/Spencer_Gosiaco.wiki
Taylor Gosiaco	pages/player-stubs/Taylor_Gosiaco.wiki
Aaron Kahler	pages/player-stubs/Aaron_Kahler.wiki
Clayton Atkin	pages/player-stubs/Clayton_Atkin.wiki
Bill Bacheler	pages/player-stubs/Bill_Bacheler.wiki
Edward Chien	pages/player-stubs/Edward_Chien.wiki
Charlie Herren	pages/player-stubs/Charlie_Herren.wiki
Sean Miller	pages/player-stubs/Sean_Miller.wiki
Jake Nelson	pages/player-stubs/Jake_Nelson.wiki
Vincent Rossi	pages/player-stubs/Vincent_Rossi.wiki
Steve Yaeger	pages/player-stubs/Steve_Yaeger.wiki
Sean Luhks	pages/player-stubs/Sean_Luhks.wiki
John Carr	pages/player-stubs/John_Carr.wiki
Dan Drentlaw	pages/player-stubs/Dan_Drentlaw.wiki
Bill Kafer	pages/player-stubs/Bill_Kafer.wiki
Tom Marlin	pages/player-stubs/Tom_Marlin.wiki
Will Scinocca	pages/player-stubs/Will_Scinocca.wiki
Will Tarbox	pages/player-stubs/Will_Tarbox.wiki
Jim Boyle	pages/player-stubs/Jim_Boyle.wiki
CJ Christiana	pages/player-stubs/CJ_Christiana.wiki
Jeremy Gardner	pages/player-stubs/Jeremy_Gardner.wiki
Tom Haid	pages/player-stubs/Tom_Haid.wiki
Magnus Kristiansen	pages/player-stubs/Magnus_Kristiansen.wiki
Nate Louderback	pages/player-stubs/Nate_Louderback.wiki
Brett Bailey	pages/player-stubs/Brett_Bailey.wiki
Bentley Boyd	pages/player-stubs/Bentley_Boyd.wiki
Justin Carulli	pages/player-stubs/Justin_Carulli.wiki
Matt Carulli	pages/player-stubs/Matt_Carulli.wiki
Chad Dixon	pages/player-stubs/Chad_Dixon.wiki
Al Fuentes	pages/player-stubs/Al_Fuentes.wiki
Ben Hedlund	pages/player-stubs/Ben_Hedlund.wiki
Chris Hull	pages/player-stubs/Chris_Hull.wiki
Andy Wexstten	pages/player-stubs/Andy_Wexstten.wiki
Lee Edwards	pages/player-stubs/Lee_Edwards.wiki
Mike Pistone	pages/player-stubs/Mike_Pistone.wiki
Miguel Tarin Vegas	pages/player-stubs/Miguel_Tarin_Vegas.wiki
Thang Le	pages/player-stubs/Thang_Le.wiki
Max Freeman	pages/player-stubs/Max_Freeman.wiki
Stephen Fulner	pages/player-stubs/Stephen_Fulner.wiki
Adam Schellberg	pages/player-stubs/Adam_Schellberg.wiki
Stewart Yoo	pages/player-stubs/Stewart_Yoo.wiki
Joel Cooper	pages/player-stubs/Joel_Cooper.wiki
Julian Smolarek	pages/player-stubs/Julian_Smolarek.wiki
Par Birgander	pages/player-stubs/Par_Birgander.wiki
Ben Buttersworth	pages/player-stubs/Ben_Buttersworth.wiki
Kafer 2022	pages/player-stubs/Kafer_2022.wiki
Tarin Vegas	pages/player-stubs/Tarin_Vegas.wiki
Birgander	pages/player-stubs/Birgander.wiki
Gabor	pages/player-stubs/Gabor.wiki
George	pages/player-stubs/George.wiki
Petersson	pages/player-stubs/Petersson.wiki
Póra	pages/player-stubs/Póra.wiki
Tegeler	pages/player-stubs/Tegeler.wiki
Wauters	pages/player-stubs/Wauters.wiki
Winkelhaus	pages/player-stubs/Winkelhaus.wiki
OlsonJ	pages/player-stubs/OlsonJ.wiki
Olson S	pages/player-stubs/Olson_S.wiki
OlsonS	pages/player-stubs/OlsonS.wiki
Bolletino	pages/player-stubs/Bolletino.wiki
ChuB	pages/player-stubs/ChuB.wiki
ChuJ	pages/player-stubs/ChuJ.wiki
d'Amboise	pages/player-stubs/d'Amboise.wiki
d’Amboise	pages/player-stubs/d’Amboise.wiki
HunterE	pages/player-stubs/HunterE.wiki
HunterH	pages/player-stubs/HunterH.wiki
KellyC	pages/player-stubs/KellyC.wiki
Lauer	pages/player-stubs/Lauer.wiki
Napolitano	pages/player-stubs/Napolitano.wiki
Sammartano	pages/player-stubs/Sammartano.wiki
Sarachan	pages/player-stubs/Sarachan.wiki
ScottM	pages/player-stubs/ScottM.wiki
ScottR	pages/player-stubs/ScottR.wiki
WestergardC	pages/player-stubs/WestergardC.wiki
Butterworth	pages/player-stubs/Butterworth.wiki
Groth	pages/player-stubs/Groth.wiki
Morris	pages/player-stubs/Morris.wiki
Partridge	pages/player-stubs/Partridge.wiki
DiPaolo	pages/player-stubs/DiPaolo.wiki
Herold	pages/player-stubs/Herold.wiki
Lichtenstein	pages/player-stubs/Lichtenstein.wiki
LaPorta	pages/player-stubs/LaPorta.wiki
LutzL	pages/player-stubs/LutzL.wiki
LutzM	pages/player-stubs/LutzM.wiki
Murray	pages/player-stubs/Murray.wiki
PittmanB	pages/player-stubs/PittmanB.wiki
PittmanJ	pages/player-stubs/PittmanJ.wiki
Sesnick	pages/player-stubs/Sesnick.wiki
Davis	pages/player-stubs/Davis.wiki
Frede	pages/player-stubs/Frede.wiki
Jackson	pages/player-stubs/Jackson.wiki
JGosiaco	pages/player-stubs/JGosiaco.wiki
SGosiaco	pages/player-stubs/SGosiaco.wiki
TGosiaco	pages/player-stubs/TGosiaco.wiki
Kahler	pages/player-stubs/Kahler.wiki
Atkin	pages/player-stubs/Atkin.wiki
Bacheler	pages/player-stubs/Bacheler.wiki
Chien	pages/player-stubs/Chien.wiki
Herren	pages/player-stubs/Herren.wiki
Miller	pages/player-stubs/Miller.wiki
Rossi	pages/player-stubs/Rossi.wiki
Yaeger	pages/player-stubs/Yaeger.wiki
Luhks	pages/player-stubs/Luhks.wiki
Carr	pages/player-stubs/Carr.wiki
Drentlaw	pages/player-stubs/Drentlaw.wiki
Usnats23	pages/player-stubs/Usnats23.wiki
Marlin	pages/player-stubs/Marlin.wiki
Scinocca	pages/player-stubs/Scinocca.wiki
Tarbox	pages/player-stubs/Tarbox.wiki
Jimboyle	pages/player-stubs/Jimboyle.wiki
Christiana	pages/player-stubs/Christiana.wiki
Gardner	pages/player-stubs/Gardner.wiki
Haid	pages/player-stubs/Haid.wiki
Kristiansen	pages/player-stubs/Kristiansen.wiki
Louderback	pages/player-stubs/Louderback.wiki
Bailey	pages/player-stubs/Bailey.wiki
Boyd	pages/player-stubs/Boyd.wiki
CarulliJ	pages/player-stubs/CarulliJ.wiki
CarulliM	pages/player-stubs/CarulliM.wiki
Dixon	pages/player-stubs/Dixon.wiki
Fuentes	pages/player-stubs/Fuentes.wiki
Hedlund	pages/player-stubs/Hedlund.wiki
Hull	pages/player-stubs/Hull.wiki
Wexstten	pages/player-stubs/Wexstten.wiki
Edwards	pages/player-stubs/Edwards.wiki
Pistone	pages/player-stubs/Pistone.wiki
Le	pages/player-stubs/Le.wiki
Freeman	pages/player-stubs/Freeman.wiki
Fulner	pages/player-stubs/Fulner.wiki
Schellberg	pages/player-stubs/Schellberg.wiki
Yoo	pages/player-stubs/Yoo.wiki
Cooper	pages/player-stubs/Cooper.wiki
Smolarek	pages/player-stubs/Smolarek.wiki
Joe	pages/player-stubs/Joe.wiki
2024 World Championship	pages/2024_World_Championship.wiki
Floris de Vries	pages/player-stubs/Floris_de_Vries.wiki
de Vries	pages/player-stubs/de_Vries.wiki
Martin den Boef	pages/player-stubs/Martin_den_Boef.wiki
den Boef	pages/player-stubs/den_Boef.wiki
Nelson	pages/player-stubs/Nelson.wiki
Hayes	pages/player-stubs/Hayes.wiki
Jeremy DiPaolo	pages/player-stubs/Jeremy_DiPaolo.wiki
